Metric,Score
Accuracy,0.8598647818070068
ROC-AUC,0.9151943216557876
