Model,MAE,RMSE,R2 Score,Prediction Time (Seconds)
Random Forest,1.6750549769204686,1.738156838429867,-5.714766915144469,4.912226399996143
Decision Tree,1.6594576170983206,1.74532373825089,-5.770254745843065,0.4806592000022647
Gradient Boosting,1.7654570205444915,1.8307491084134486,-6.449217960632613,4.875583400003961
